"code_region","region","departement","rang_vaccinal","date_debut_semaine","nb"
NA,NA,"",1,2021-01-18,12
NA,NA,"",2,2021-02-01,11
NA,NA,"",2,2021-02-08,12
84,"ARA","01",1,2021-01-18,1460
84,"ARA","01",1,2021-01-25,1939
84,"ARA","01",2,2021-01-25,66
84,"ARA","01",1,2021-02-01,1696
84,"ARA","01",2,2021-02-01,526
84,"ARA","01",1,2021-02-08,1472
84,"ARA","01",2,2021-02-08,1431
84,"ARA","01",1,2021-02-15,946
84,"ARA","01",2,2021-02-15,937
84,"ARA","01",1,2021-02-22,682
84,"ARA","01",2,2021-02-22,2096
84,"ARA","01",1,2021-03-01,663
84,"ARA","01",2,2021-03-01,1755
84,"ARA","01",1,2021-03-08,614
84,"ARA","01",2,2021-03-08,1774
32,"HDF","02",1,2021-01-18,2995
32,"HDF","02",1,2021-01-25,991
32,"HDF","02",2,2021-01-25,308
32,"HDF","02",1,2021-02-01,791
32,"HDF","02",2,2021-02-01,1602
32,"HDF","02",1,2021-02-08,742
32,"HDF","02",2,2021-02-08,2083
32,"HDF","02",1,2021-02-15,304
32,"HDF","02",2,2021-02-15,1907
32,"HDF","02",1,2021-02-22,154
32,"HDF","02",2,2021-02-22,903
32,"HDF","02",1,2021-03-01,585
32,"HDF","02",2,2021-03-01,715
32,"HDF","02",1,2021-03-08,644
32,"HDF","02",2,2021-03-08,496
84,"ARA","03",1,2021-01-18,4570
84,"ARA","03",2,2021-01-18,4
84,"ARA","03",1,2021-01-25,2682
84,"ARA","03",2,2021-01-25,91
84,"ARA","03",1,2021-02-01,1900
84,"ARA","03",2,2021-02-01,625
84,"ARA","03",1,2021-02-08,1270
84,"ARA","03",2,2021-02-08,816
84,"ARA","03",1,2021-02-15,248
84,"ARA","03",2,2021-02-15,4410
84,"ARA","03",1,2021-02-22,138
84,"ARA","03",2,2021-02-22,3465
84,"ARA","03",1,2021-03-01,176
84,"ARA","03",2,2021-03-01,1428
84,"ARA","03",1,2021-03-08,114
84,"ARA","03",2,2021-03-08,829
93,"PAC","04",1,2021-01-18,1393
93,"PAC","04",2,2021-01-18,3
93,"PAC","04",1,2021-01-25,1492
93,"PAC","04",2,2021-01-25,17
93,"PAC","04",1,2021-02-01,1379
93,"PAC","04",2,2021-02-01,15
93,"PAC","04",1,2021-02-08,1076
93,"PAC","04",2,2021-02-08,469
93,"PAC","04",1,2021-02-15,315
93,"PAC","04",2,2021-02-15,1439
93,"PAC","04",1,2021-02-22,18
93,"PAC","04",2,2021-02-22,1483
93,"PAC","04",1,2021-03-01,10
93,"PAC","04",2,2021-03-01,1338
93,"PAC","04",1,2021-03-08,18
93,"PAC","04",2,2021-03-08,1051
93,"PAC","05",1,2021-01-18,977
93,"PAC","05",1,2021-01-25,1155
93,"PAC","05",2,2021-01-25,55
93,"PAC","05",1,2021-02-01,924
93,"PAC","05",2,2021-02-01,249
93,"PAC","05",1,2021-02-08,381
93,"PAC","05",2,2021-02-08,635
93,"PAC","05",1,2021-02-15,154
93,"PAC","05",2,2021-02-15,725
93,"PAC","05",1,2021-02-22,20
93,"PAC","05",2,2021-02-22,1082
93,"PAC","05",1,2021-03-01,13
93,"PAC","05",2,2021-03-01,860
93,"PAC","05",1,2021-03-08,3
93,"PAC","05",2,2021-03-08,398
93,"PAC","06",1,2021-01-18,4293
93,"PAC","06",2,2021-01-18,4
93,"PAC","06",1,2021-01-25,3537
93,"PAC","06",2,2021-01-25,819
93,"PAC","06",1,2021-02-01,1754
93,"PAC","06",2,2021-02-01,1433
93,"PAC","06",1,2021-02-08,932
93,"PAC","06",2,2021-02-08,1931
93,"PAC","06",1,2021-02-15,591
93,"PAC","06",2,2021-02-15,4622
93,"PAC","06",1,2021-02-22,548
93,"PAC","06",2,2021-02-22,4317
93,"PAC","06",1,2021-03-01,805
93,"PAC","06",2,2021-03-01,1995
93,"PAC","06",1,2021-03-08,65
93,"PAC","06",2,2021-03-08,995
84,"ARA","07",1,2021-01-18,482
84,"ARA","07",2,2021-01-18,1
84,"ARA","07",1,2021-01-25,486
84,"ARA","07",2,2021-01-25,56
84,"ARA","07",1,2021-02-01,940
84,"ARA","07",2,2021-02-01,294
84,"ARA","07",1,2021-02-08,550
84,"ARA","07",2,2021-02-08,202
84,"ARA","07",1,2021-02-15,423
84,"ARA","07",2,2021-02-15,600
84,"ARA","07",1,2021-02-22,273
84,"ARA","07",2,2021-02-22,972
84,"ARA","07",1,2021-03-01,188
84,"ARA","07",2,2021-03-01,935
84,"ARA","07",1,2021-03-08,4
84,"ARA","07",2,2021-03-08,401
44,"GES","08",1,2021-01-18,1803
44,"GES","08",2,2021-01-18,6
44,"GES","08",1,2021-01-25,1357
44,"GES","08",2,2021-01-25,76
44,"GES","08",1,2021-02-01,638
44,"GES","08",2,2021-02-01,570
44,"GES","08",1,2021-02-08,315
44,"GES","08",2,2021-02-08,638
44,"GES","08",1,2021-02-15,30
44,"GES","08",2,2021-02-15,1459
44,"GES","08",1,2021-02-22,19
44,"GES","08",2,2021-02-22,1286
44,"GES","08",1,2021-03-01,31
44,"GES","08",2,2021-03-01,548
44,"GES","08",1,2021-03-08,41
44,"GES","08",2,2021-03-08,274
76,"OCC","09",1,2021-01-18,1658
76,"OCC","09",1,2021-01-25,1114
76,"OCC","09",2,2021-01-25,230
76,"OCC","09",1,2021-02-01,394
76,"OCC","09",2,2021-02-01,737
76,"OCC","09",1,2021-02-08,65
76,"OCC","09",2,2021-02-08,1178
76,"OCC","09",1,2021-02-15,35
76,"OCC","09",2,2021-02-15,1167
76,"OCC","09",1,2021-02-22,9
76,"OCC","09",2,2021-02-22,805
76,"OCC","09",1,2021-03-01,2
76,"OCC","09",2,2021-03-01,232
76,"OCC","09",1,2021-03-08,1
76,"OCC","09",2,2021-03-08,35
44,"GES","10",1,2021-01-18,2354
44,"GES","10",2,2021-01-18,4
44,"GES","10",1,2021-01-25,1873
44,"GES","10",2,2021-01-25,10
44,"GES","10",1,2021-02-01,1467
44,"GES","10",2,2021-02-01,479
44,"GES","10",1,2021-02-08,1496
44,"GES","10",2,2021-02-08,598
44,"GES","10",1,2021-02-15,47
44,"GES","10",2,2021-02-15,2127
44,"GES","10",1,2021-02-22,10
44,"GES","10",2,2021-02-22,1852
44,"GES","10",1,2021-03-01,7
44,"GES","10",2,2021-03-01,1391
44,"GES","10",1,2021-03-08,5
44,"GES","10",2,2021-03-08,1456
76,"OCC","11",1,2021-01-18,1551
76,"OCC","11",2,2021-01-18,6
76,"OCC","11",1,2021-01-25,1832
76,"OCC","11",2,2021-01-25,83
76,"OCC","11",1,2021-02-01,1907
76,"OCC","11",2,2021-02-01,670
76,"OCC","11",1,2021-02-08,1495
76,"OCC","11",2,2021-02-08,1185
76,"OCC","11",1,2021-02-15,660
76,"OCC","11",2,2021-02-15,1363
76,"OCC","11",1,2021-02-22,414
76,"OCC","11",2,2021-02-22,1695
76,"OCC","11",1,2021-03-01,350
76,"OCC","11",2,2021-03-01,1555
76,"OCC","11",1,2021-03-08,329
76,"OCC","11",2,2021-03-08,1254
76,"OCC","12",1,2021-01-18,2368
76,"OCC","12",1,2021-01-25,3166
76,"OCC","12",2,2021-01-25,4
76,"OCC","12",1,2021-02-01,2261
76,"OCC","12",2,2021-02-01,97
76,"OCC","12",1,2021-02-08,1040
76,"OCC","12",2,2021-02-08,687
76,"OCC","12",1,2021-02-15,69
76,"OCC","12",2,2021-02-15,2382
76,"OCC","12",1,2021-02-22,20
76,"OCC","12",2,2021-02-22,3094
76,"OCC","12",1,2021-03-01,195
76,"OCC","12",2,2021-03-01,1938
76,"OCC","12",1,2021-03-08,203
76,"OCC","12",2,2021-03-08,1037
93,"PAC","13",1,2021-01-18,8218
93,"PAC","13",2,2021-01-18,18
93,"PAC","13",1,2021-01-25,8779
93,"PAC","13",2,2021-01-25,237
93,"PAC","13",1,2021-02-01,7153
93,"PAC","13",2,2021-02-01,1262
93,"PAC","13",1,2021-02-08,5671
93,"PAC","13",2,2021-02-08,3285
93,"PAC","13",1,2021-02-15,1441
93,"PAC","13",2,2021-02-15,7931
93,"PAC","13",1,2021-02-22,765
93,"PAC","13",2,2021-02-22,8508
93,"PAC","13",1,2021-03-01,689
93,"PAC","13",2,2021-03-01,6010
93,"PAC","13",1,2021-03-08,803
93,"PAC","13",2,2021-03-08,4677
28,"NOR","14",1,2021-01-18,4795
28,"NOR","14",2,2021-01-18,9
28,"NOR","14",1,2021-01-25,4364
28,"NOR","14",2,2021-01-25,222
28,"NOR","14",1,2021-02-01,3876
28,"NOR","14",2,2021-02-01,890
28,"NOR","14",1,2021-02-08,3036
28,"NOR","14",2,2021-02-08,2185
28,"NOR","14",1,2021-02-15,166
28,"NOR","14",2,2021-02-15,4114
28,"NOR","14",1,2021-02-22,198
28,"NOR","14",2,2021-02-22,4037
28,"NOR","14",1,2021-03-01,245
28,"NOR","14",2,2021-03-01,3088
28,"NOR","14",1,2021-03-08,195
28,"NOR","14",2,2021-03-08,2434
84,"ARA","15",1,2021-01-18,2125
84,"ARA","15",1,2021-01-25,1785
84,"ARA","15",2,2021-01-25,43
84,"ARA","15",1,2021-02-01,1001
84,"ARA","15",2,2021-02-01,587
84,"ARA","15",1,2021-02-08,719
84,"ARA","15",2,2021-02-08,538
84,"ARA","15",1,2021-02-15,50
84,"ARA","15",2,2021-02-15,1976
84,"ARA","15",1,2021-02-22,9
84,"ARA","15",2,2021-02-22,1399
84,"ARA","15",1,2021-03-01,8
84,"ARA","15",2,2021-03-01,763
84,"ARA","15",2,2021-03-08,695
75,"NAQ","16",1,2021-01-18,1587
75,"NAQ","16",1,2021-01-25,2130
75,"NAQ","16",2,2021-01-25,8
75,"NAQ","16",1,2021-02-01,1629
75,"NAQ","16",2,2021-02-01,283
75,"NAQ","16",1,2021-02-08,1495
75,"NAQ","16",2,2021-02-08,641
75,"NAQ","16",1,2021-02-15,200
75,"NAQ","16",2,2021-02-15,2352
75,"NAQ","16",1,2021-02-22,45
75,"NAQ","16",2,2021-02-22,2680
75,"NAQ","16",1,2021-03-01,24
75,"NAQ","16",2,2021-03-01,1860
75,"NAQ","16",1,2021-03-08,4
75,"NAQ","16",2,2021-03-08,1418
75,"NAQ","17",1,2021-01-18,5521
75,"NAQ","17",2,2021-01-18,4
75,"NAQ","17",1,2021-01-25,7067
75,"NAQ","17",2,2021-01-25,127
75,"NAQ","17",1,2021-02-01,3351
75,"NAQ","17",2,2021-02-01,1257
75,"NAQ","17",1,2021-02-08,1922
75,"NAQ","17",2,2021-02-08,1892
75,"NAQ","17",1,2021-02-15,387
75,"NAQ","17",2,2021-02-15,5725
75,"NAQ","17",1,2021-02-22,58
75,"NAQ","17",2,2021-02-22,6464
75,"NAQ","17",1,2021-03-01,308
75,"NAQ","17",2,2021-03-01,3192
75,"NAQ","17",1,2021-03-08,293
75,"NAQ","17",2,2021-03-08,1978
24,"CVL","18",1,2021-01-18,1357
24,"CVL","18",2,2021-01-18,6
24,"CVL","18",1,2021-01-25,1726
24,"CVL","18",2,2021-01-25,21
24,"CVL","18",1,2021-02-01,1484
24,"CVL","18",2,2021-02-01,9
24,"CVL","18",1,2021-02-08,1227
24,"CVL","18",2,2021-02-08,344
24,"CVL","18",1,2021-02-15,41
24,"CVL","18",2,2021-02-15,1341
24,"CVL","18",1,2021-02-22,6
24,"CVL","18",2,2021-02-22,1347
24,"CVL","18",1,2021-03-01,2
24,"CVL","18",2,2021-03-01,1477
24,"CVL","18",1,2021-03-08,1
24,"CVL","18",2,2021-03-08,1112
75,"NAQ","19",1,2021-01-18,1241
75,"NAQ","19",1,2021-01-25,1234
75,"NAQ","19",2,2021-01-25,3
75,"NAQ","19",1,2021-02-01,1240
75,"NAQ","19",2,2021-02-01,80
75,"NAQ","19",1,2021-02-08,1029
75,"NAQ","19",2,2021-02-08,156
75,"NAQ","19",1,2021-02-15,78
75,"NAQ","19",2,2021-02-15,1228
75,"NAQ","19",1,2021-02-22,4
75,"NAQ","19",2,2021-02-22,959
75,"NAQ","19",1,2021-03-01,1
75,"NAQ","19",2,2021-03-01,1062
75,"NAQ","19",1,2021-03-08,1
75,"NAQ","19",2,2021-03-08,804
27,"BFC","21",1,2021-01-18,4463
27,"BFC","21",2,2021-01-18,2
27,"BFC","21",1,2021-01-25,4374
27,"BFC","21",2,2021-01-25,88
27,"BFC","21",1,2021-02-01,2155
27,"BFC","21",2,2021-02-01,91
27,"BFC","21",1,2021-02-08,2250
27,"BFC","21",2,2021-02-08,988
27,"BFC","21",1,2021-02-15,183
27,"BFC","21",2,2021-02-15,4171
27,"BFC","21",1,2021-02-22,116
27,"BFC","21",2,2021-02-22,3966
27,"BFC","21",1,2021-03-01,731
27,"BFC","21",2,2021-03-01,2496
27,"BFC","21",1,2021-03-08,312
27,"BFC","21",2,2021-03-08,2669
53,"BRE","22",1,2021-01-18,2058
53,"BRE","22",1,2021-01-25,3895
53,"BRE","22",2,2021-01-25,18
53,"BRE","22",1,2021-02-01,3642
53,"BRE","22",2,2021-02-01,389
53,"BRE","22",1,2021-02-08,3088
53,"BRE","22",2,2021-02-08,373
53,"BRE","22",1,2021-02-15,1280
53,"BRE","22",2,2021-02-15,1962
53,"BRE","22",1,2021-02-22,174
53,"BRE","22",2,2021-02-22,3484
53,"BRE","22",1,2021-03-01,16
53,"BRE","22",2,2021-03-01,1238
53,"BRE","22",1,2021-03-08,66
53,"BRE","22",2,2021-03-08,469
75,"NAQ","23",1,2021-01-18,1568
75,"NAQ","23",1,2021-01-25,1172
75,"NAQ","23",2,2021-01-25,269
75,"NAQ","23",1,2021-02-01,271
75,"NAQ","23",2,2021-02-01,721
75,"NAQ","23",1,2021-02-08,109
75,"NAQ","23",2,2021-02-08,976
75,"NAQ","23",1,2021-02-15,4
75,"NAQ","23",2,2021-02-15,1226
75,"NAQ","23",2,2021-02-22,583
75,"NAQ","23",1,2021-03-01,21
75,"NAQ","23",2,2021-03-01,288
75,"NAQ","23",2,2021-03-08,88
75,"NAQ","24",1,2021-01-18,1289
75,"NAQ","24",1,2021-01-25,1795
75,"NAQ","24",2,2021-01-25,1
75,"NAQ","24",1,2021-02-01,1228
75,"NAQ","24",2,2021-02-01,408
75,"NAQ","24",1,2021-02-08,1355
75,"NAQ","24",2,2021-02-08,366
75,"NAQ","24",1,2021-02-15,324
75,"NAQ","24",2,2021-02-15,809
75,"NAQ","24",1,2021-02-22,329
75,"NAQ","24",2,2021-02-22,1247
75,"NAQ","24",1,2021-03-01,44
75,"NAQ","24",2,2021-03-01,566
75,"NAQ","24",1,2021-03-08,2
75,"NAQ","24",2,2021-03-08,307
27,"BFC","25",1,2021-01-18,4876
27,"BFC","25",2,2021-01-18,3
27,"BFC","25",1,2021-01-25,4472
27,"BFC","25",2,2021-01-25,6
27,"BFC","25",1,2021-02-01,3015
27,"BFC","25",2,2021-02-01,710
27,"BFC","25",1,2021-02-08,3177
27,"BFC","25",2,2021-02-08,897
27,"BFC","25",1,2021-02-15,30
27,"BFC","25",2,2021-02-15,5004
27,"BFC","25",1,2021-02-22,9
27,"BFC","25",2,2021-02-22,4294
27,"BFC","25",1,2021-03-01,32
27,"BFC","25",2,2021-03-01,2855
27,"BFC","25",1,2021-03-08,1
27,"BFC","25",2,2021-03-08,2959
84,"ARA","26",1,2021-01-18,2522
84,"ARA","26",1,2021-01-25,3540
84,"ARA","26",2,2021-01-25,8
84,"ARA","26",1,2021-02-01,2960
84,"ARA","26",2,2021-02-01,507
84,"ARA","26",1,2021-02-08,2151
84,"ARA","26",2,2021-02-08,1196
84,"ARA","26",1,2021-02-15,489
84,"ARA","26",2,2021-02-15,2905
84,"ARA","26",1,2021-02-22,163
84,"ARA","26",2,2021-02-22,3241
84,"ARA","26",1,2021-03-01,14
84,"ARA","26",2,2021-03-01,2660
84,"ARA","26",1,2021-03-08,1
84,"ARA","26",2,2021-03-08,2195
28,"NOR","27",1,2021-01-18,3671
28,"NOR","27",2,2021-01-18,12
28,"NOR","27",1,2021-01-25,2823
28,"NOR","27",2,2021-01-25,343
28,"NOR","27",1,2021-02-01,1414
28,"NOR","27",2,2021-02-01,1256
28,"NOR","27",1,2021-02-08,877
28,"NOR","27",2,2021-02-08,1679
28,"NOR","27",1,2021-02-15,82
28,"NOR","27",2,2021-02-15,2992
28,"NOR","27",1,2021-02-22,34
28,"NOR","27",2,2021-02-22,2296
28,"NOR","27",1,2021-03-01,44
28,"NOR","27",2,2021-03-01,1255
28,"NOR","27",1,2021-03-08,88
28,"NOR","27",2,2021-03-08,843
24,"CVL","28",1,2021-01-18,2586
24,"CVL","28",2,2021-01-18,2
24,"CVL","28",1,2021-01-25,2475
24,"CVL","28",2,2021-01-25,138
24,"CVL","28",1,2021-02-01,1839
24,"CVL","28",2,2021-02-01,739
24,"CVL","28",1,2021-02-08,895
24,"CVL","28",2,2021-02-08,1306
24,"CVL","28",1,2021-02-15,279
24,"CVL","28",2,2021-02-15,2538
24,"CVL","28",1,2021-02-22,33
24,"CVL","28",2,2021-02-22,2017
24,"CVL","28",1,2021-03-01,27
24,"CVL","28",2,2021-03-01,1323
24,"CVL","28",1,2021-03-08,88
24,"CVL","28",2,2021-03-08,1026
53,"BRE","29",1,2021-01-18,2474
53,"BRE","29",2,2021-01-18,1
53,"BRE","29",1,2021-01-25,2793
53,"BRE","29",2,2021-01-25,299
53,"BRE","29",1,2021-02-01,2166
53,"BRE","29",2,2021-02-01,1252
53,"BRE","29",1,2021-02-08,1881
53,"BRE","29",2,2021-02-08,1426
53,"BRE","29",1,2021-02-15,211
53,"BRE","29",2,2021-02-15,3533
53,"BRE","29",1,2021-02-22,46
53,"BRE","29",2,2021-02-22,3573
53,"BRE","29",1,2021-03-01,8
53,"BRE","29",2,2021-03-01,2793
53,"BRE","29",1,2021-03-08,2
53,"BRE","29",2,2021-03-08,2160
94,"COR","2A",1,2021-01-18,1299
94,"COR","2A",2,2021-01-18,2
94,"COR","2A",1,2021-01-25,1584
94,"COR","2A",2,2021-01-25,66
94,"COR","2A",1,2021-02-01,1298
94,"COR","2A",2,2021-02-01,312
94,"COR","2A",1,2021-02-08,428
94,"COR","2A",2,2021-02-08,878
94,"COR","2A",1,2021-02-15,239
94,"COR","2A",2,2021-02-15,1142
94,"COR","2A",1,2021-02-22,37
94,"COR","2A",2,2021-02-22,1075
94,"COR","2A",1,2021-03-01,19
94,"COR","2A",2,2021-03-01,725
94,"COR","2A",1,2021-03-08,14
94,"COR","2A",2,2021-03-08,384
94,"COR","2B",1,2021-01-18,690
94,"COR","2B",1,2021-01-25,698
94,"COR","2B",1,2021-02-01,1145
94,"COR","2B",2,2021-02-01,15
94,"COR","2B",1,2021-02-08,496
94,"COR","2B",2,2021-02-08,77
94,"COR","2B",1,2021-02-15,66
94,"COR","2B",2,2021-02-15,754
94,"COR","2B",1,2021-02-22,53
94,"COR","2B",2,2021-02-22,873
94,"COR","2B",1,2021-03-01,16
94,"COR","2B",2,2021-03-01,816
94,"COR","2B",1,2021-03-08,1
94,"COR","2B",2,2021-03-08,386
76,"OCC","30",1,2021-01-18,2468
76,"OCC","30",2,2021-01-18,1
76,"OCC","30",1,2021-01-25,3499
76,"OCC","30",2,2021-01-25,97
76,"OCC","30",1,2021-02-01,2673
76,"OCC","30",2,2021-02-01,681
76,"OCC","30",1,2021-02-08,1359
76,"OCC","30",2,2021-02-08,1701
76,"OCC","30",1,2021-02-15,203
76,"OCC","30",2,2021-02-15,2597
76,"OCC","30",1,2021-02-22,52
76,"OCC","30",2,2021-02-22,2663
76,"OCC","30",1,2021-03-01,7
76,"OCC","30",2,2021-03-01,2354
76,"OCC","30",1,2021-03-08,2
76,"OCC","30",2,2021-03-08,1250
76,"OCC","31",1,2021-01-18,5582
76,"OCC","31",2,2021-01-18,11
76,"OCC","31",1,2021-01-25,6109
76,"OCC","31",2,2021-01-25,983
76,"OCC","31",1,2021-02-01,4869
76,"OCC","31",2,2021-02-01,1513
76,"OCC","31",1,2021-02-08,4372
76,"OCC","31",2,2021-02-08,1858
76,"OCC","31",1,2021-02-15,922
76,"OCC","31",2,2021-02-15,5817
76,"OCC","31",1,2021-02-22,459
76,"OCC","31",2,2021-02-22,5791
76,"OCC","31",1,2021-03-01,306
76,"OCC","31",2,2021-03-01,3139
76,"OCC","31",1,2021-03-08,211
76,"OCC","31",2,2021-03-08,1942
76,"OCC","32",1,2021-01-18,305
76,"OCC","32",1,2021-01-25,1420
76,"OCC","32",2,2021-01-25,20
76,"OCC","32",1,2021-02-01,1346
76,"OCC","32",2,2021-02-01,157
76,"OCC","32",1,2021-02-08,1472
76,"OCC","32",2,2021-02-08,125
76,"OCC","32",1,2021-02-15,6
76,"OCC","32",2,2021-02-15,246
76,"OCC","32",2,2021-02-22,1399
76,"OCC","32",2,2021-03-01,1306
76,"OCC","32",1,2021-03-08,1
76,"OCC","32",2,2021-03-08,1455
75,"NAQ","33",1,2021-01-18,8373
75,"NAQ","33",2,2021-01-18,50
75,"NAQ","33",1,2021-01-25,9059
75,"NAQ","33",2,2021-01-25,900
75,"NAQ","33",1,2021-02-01,7244
75,"NAQ","33",2,2021-02-01,1862
75,"NAQ","33",1,2021-02-08,5148
75,"NAQ","33",2,2021-02-08,2462
75,"NAQ","33",1,2021-02-15,2068
75,"NAQ","33",2,2021-02-15,6349
75,"NAQ","33",1,2021-02-22,467
75,"NAQ","33",2,2021-02-22,9237
75,"NAQ","33",1,2021-03-01,428
75,"NAQ","33",2,2021-03-01,5004
75,"NAQ","33",1,2021-03-08,303
75,"NAQ","33",2,2021-03-08,2484
76,"OCC","34",1,2021-01-18,5202
76,"OCC","34",2,2021-01-18,12
76,"OCC","34",1,2021-01-25,5890
76,"OCC","34",2,2021-01-25,25
76,"OCC","34",1,2021-02-01,5621
76,"OCC","34",2,2021-02-01,775
76,"OCC","34",1,2021-02-08,4142
76,"OCC","34",2,2021-02-08,1688
76,"OCC","34",1,2021-02-15,487
76,"OCC","34",2,2021-02-15,5934
76,"OCC","34",1,2021-02-22,33
76,"OCC","34",2,2021-02-22,6190
76,"OCC","34",1,2021-03-01,83
76,"OCC","34",2,2021-03-01,4587
76,"OCC","34",1,2021-03-08,66
76,"OCC","34",2,2021-03-08,3422
53,"BRE","35",1,2021-01-18,5335
53,"BRE","35",2,2021-01-18,14
53,"BRE","35",1,2021-01-25,3796
53,"BRE","35",2,2021-01-25,422
53,"BRE","35",1,2021-02-01,2979
53,"BRE","35",2,2021-02-01,1346
53,"BRE","35",1,2021-02-08,1526
53,"BRE","35",2,2021-02-08,2718
53,"BRE","35",1,2021-02-15,216
53,"BRE","35",2,2021-02-15,3820
53,"BRE","35",1,2021-02-22,58
53,"BRE","35",2,2021-02-22,3364
53,"BRE","35",1,2021-03-01,14
53,"BRE","35",2,2021-03-01,2452
53,"BRE","35",1,2021-03-08,3
53,"BRE","35",2,2021-03-08,957
24,"CVL","36",1,2021-01-18,1761
24,"CVL","36",1,2021-01-25,2492
24,"CVL","36",2,2021-01-25,6
24,"CVL","36",1,2021-02-01,1373
24,"CVL","36",2,2021-02-01,117
24,"CVL","36",1,2021-02-08,481
24,"CVL","36",2,2021-02-08,476
24,"CVL","36",1,2021-02-15,58
24,"CVL","36",2,2021-02-15,1869
24,"CVL","36",1,2021-02-22,12
24,"CVL","36",2,2021-02-22,2362
24,"CVL","36",1,2021-03-01,2
24,"CVL","36",2,2021-03-01,1395
24,"CVL","36",1,2021-03-08,7
24,"CVL","36",2,2021-03-08,411
24,"CVL","37",1,2021-01-18,2230
24,"CVL","37",2,2021-01-18,39
24,"CVL","37",1,2021-01-25,2424
24,"CVL","37",2,2021-01-25,285
24,"CVL","37",1,2021-02-01,2264
24,"CVL","37",2,2021-02-01,576
24,"CVL","37",1,2021-02-08,1927
24,"CVL","37",2,2021-02-08,1115
24,"CVL","37",1,2021-02-15,406
24,"CVL","37",2,2021-02-15,2676
24,"CVL","37",1,2021-02-22,80
24,"CVL","37",2,2021-02-22,2627
24,"CVL","37",1,2021-03-01,38
24,"CVL","37",2,2021-03-01,2215
24,"CVL","37",1,2021-03-08,51
24,"CVL","37",2,2021-03-08,1842
84,"ARA","38",1,2021-01-18,4471
84,"ARA","38",2,2021-01-18,5
84,"ARA","38",1,2021-01-25,3690
84,"ARA","38",2,2021-01-25,1035
84,"ARA","38",1,2021-02-01,2788
84,"ARA","38",2,2021-02-01,1841
84,"ARA","38",1,2021-02-08,1381
84,"ARA","38",2,2021-02-08,2822
84,"ARA","38",1,2021-02-15,360
84,"ARA","38",2,2021-02-15,3271
84,"ARA","38",1,2021-02-22,340
84,"ARA","38",2,2021-02-22,2939
84,"ARA","38",1,2021-03-01,22
84,"ARA","38",2,2021-03-01,1358
84,"ARA","38",1,2021-03-08,12
84,"ARA","38",2,2021-03-08,602
27,"BFC","39",1,2021-01-18,3536
27,"BFC","39",2,2021-01-18,8
27,"BFC","39",1,2021-01-25,3291
27,"BFC","39",2,2021-01-25,633
27,"BFC","39",1,2021-02-01,2762
27,"BFC","39",2,2021-02-01,1498
27,"BFC","39",1,2021-02-08,2356
27,"BFC","39",2,2021-02-08,977
27,"BFC","39",1,2021-02-15,106
27,"BFC","39",2,2021-02-15,3377
27,"BFC","39",1,2021-02-22,69
27,"BFC","39",2,2021-02-22,3508
27,"BFC","39",1,2021-03-01,91
27,"BFC","39",2,2021-03-01,2695
27,"BFC","39",1,2021-03-08,18
27,"BFC","39",2,2021-03-08,2185
75,"NAQ","40",1,2021-01-18,2753
75,"NAQ","40",2,2021-01-18,14
75,"NAQ","40",1,2021-01-25,2681
75,"NAQ","40",2,2021-01-25,126
75,"NAQ","40",1,2021-02-01,3406
75,"NAQ","40",2,2021-02-01,670
75,"NAQ","40",1,2021-02-08,2564
75,"NAQ","40",2,2021-02-08,1014
75,"NAQ","40",1,2021-02-15,81
75,"NAQ","40",2,2021-02-15,2366
75,"NAQ","40",1,2021-02-22,96
75,"NAQ","40",2,2021-02-22,2201
75,"NAQ","40",1,2021-03-01,45
75,"NAQ","40",2,2021-03-01,2683
75,"NAQ","40",1,2021-03-08,17
75,"NAQ","40",2,2021-03-08,1629
24,"CVL","41",1,2021-01-18,1537
24,"CVL","41",2,2021-01-18,1
24,"CVL","41",1,2021-01-25,1626
24,"CVL","41",2,2021-01-25,3
24,"CVL","41",1,2021-02-01,1455
24,"CVL","41",2,2021-02-01,348
24,"CVL","41",1,2021-02-08,1301
24,"CVL","41",2,2021-02-08,360
24,"CVL","41",1,2021-02-15,94
24,"CVL","41",2,2021-02-15,1361
24,"CVL","41",1,2021-02-22,3
24,"CVL","41",2,2021-02-22,1509
24,"CVL","41",1,2021-03-01,5
24,"CVL","41",2,2021-03-01,1412
24,"CVL","41",1,2021-03-08,1
24,"CVL","41",2,2021-03-08,1250
84,"ARA","42",1,2021-01-18,2699
84,"ARA","42",2,2021-01-18,42
84,"ARA","42",1,2021-01-25,2950
84,"ARA","42",2,2021-01-25,86
84,"ARA","42",1,2021-02-01,1965
84,"ARA","42",2,2021-02-01,640
84,"ARA","42",1,2021-02-08,1072
84,"ARA","42",2,2021-02-08,1341
84,"ARA","42",1,2021-02-15,158
84,"ARA","42",2,2021-02-15,2322
84,"ARA","42",1,2021-02-22,110
84,"ARA","42",2,2021-02-22,2085
84,"ARA","42",1,2021-03-01,280
84,"ARA","42",2,2021-03-01,1823
84,"ARA","42",1,2021-03-08,287
84,"ARA","42",2,2021-03-08,830
84,"ARA","43",1,2021-01-18,1682
84,"ARA","43",1,2021-01-25,2865
84,"ARA","43",2,2021-01-25,63
84,"ARA","43",1,2021-02-01,2588
84,"ARA","43",2,2021-02-01,258
84,"ARA","43",1,2021-02-08,2889
84,"ARA","43",2,2021-02-08,719
84,"ARA","43",1,2021-02-15,75
84,"ARA","43",2,2021-02-15,1941
84,"ARA","43",1,2021-02-22,27
84,"ARA","43",2,2021-02-22,3104
84,"ARA","43",1,2021-03-01,46
84,"ARA","43",2,2021-03-01,3061
84,"ARA","43",1,2021-03-08,95
84,"ARA","43",2,2021-03-08,3255
52,"PDL","44",1,2021-01-18,6204
52,"PDL","44",2,2021-01-18,25
52,"PDL","44",1,2021-01-25,4898
52,"PDL","44",2,2021-01-25,1158
52,"PDL","44",1,2021-02-01,3773
52,"PDL","44",2,2021-02-01,3558
52,"PDL","44",1,2021-02-08,3072
52,"PDL","44",2,2021-02-08,2513
52,"PDL","44",1,2021-02-15,81
52,"PDL","44",2,2021-02-15,5733
52,"PDL","44",1,2021-02-22,36
52,"PDL","44",2,2021-02-22,4477
52,"PDL","44",1,2021-03-01,12
52,"PDL","44",2,2021-03-01,3696
52,"PDL","44",1,2021-03-08,6
52,"PDL","44",2,2021-03-08,2873
24,"CVL","45",1,2021-01-18,3421
24,"CVL","45",2,2021-01-18,27
24,"CVL","45",1,2021-01-25,3151
24,"CVL","45",2,2021-01-25,67
24,"CVL","45",1,2021-02-01,2575
24,"CVL","45",2,2021-02-01,333
24,"CVL","45",1,2021-02-08,2203
24,"CVL","45",2,2021-02-08,774
24,"CVL","45",1,2021-02-15,326
24,"CVL","45",2,2021-02-15,3138
24,"CVL","45",1,2021-02-22,89
24,"CVL","45",2,2021-02-22,2765
24,"CVL","45",1,2021-03-01,62
24,"CVL","45",2,2021-03-01,2032
24,"CVL","45",1,2021-03-08,10
24,"CVL","45",2,2021-03-08,1928
76,"OCC","46",1,2021-01-18,676
76,"OCC","46",1,2021-01-25,906
76,"OCC","46",2,2021-01-25,2
76,"OCC","46",1,2021-02-01,777
76,"OCC","46",2,2021-02-01,175
76,"OCC","46",1,2021-02-08,822
76,"OCC","46",2,2021-02-08,402
76,"OCC","46",1,2021-02-15,492
76,"OCC","46",2,2021-02-15,905
76,"OCC","46",1,2021-02-22,298
76,"OCC","46",2,2021-02-22,1101
76,"OCC","46",1,2021-03-01,317
76,"OCC","46",2,2021-03-01,814
76,"OCC","46",1,2021-03-08,131
76,"OCC","46",2,2021-03-08,892
75,"NAQ","47",1,2021-01-18,2047
75,"NAQ","47",2,2021-01-18,1
75,"NAQ","47",1,2021-01-25,2128
75,"NAQ","47",2,2021-01-25,132
75,"NAQ","47",1,2021-02-01,1547
75,"NAQ","47",2,2021-02-01,591
75,"NAQ","47",1,2021-02-08,1061
75,"NAQ","47",2,2021-02-08,1187
75,"NAQ","47",1,2021-02-15,233
75,"NAQ","47",2,2021-02-15,1508
75,"NAQ","47",1,2021-02-22,218
75,"NAQ","47",2,2021-02-22,1606
75,"NAQ","47",1,2021-03-01,8
75,"NAQ","47",2,2021-03-01,1504
75,"NAQ","47",1,2021-03-08,5
75,"NAQ","47",2,2021-03-08,1130
76,"OCC","48",1,2021-01-18,474
76,"OCC","48",1,2021-01-25,720
76,"OCC","48",2,2021-01-25,3
76,"OCC","48",1,2021-02-01,601
76,"OCC","48",2,2021-02-01,14
76,"OCC","48",1,2021-02-08,584
76,"OCC","48",2,2021-02-08,245
76,"OCC","48",1,2021-02-15,85
76,"OCC","48",2,2021-02-15,498
76,"OCC","48",1,2021-02-22,52
76,"OCC","48",2,2021-02-22,679
76,"OCC","48",1,2021-03-01,53
76,"OCC","48",2,2021-03-01,588
76,"OCC","48",1,2021-03-08,23
76,"OCC","48",2,2021-03-08,534
52,"PDL","49",1,2021-01-18,3801
52,"PDL","49",2,2021-01-18,11
52,"PDL","49",1,2021-01-25,3647
52,"PDL","49",2,2021-01-25,278
52,"PDL","49",1,2021-02-01,3224
52,"PDL","49",2,2021-02-01,1176
52,"PDL","49",1,2021-02-08,1850
52,"PDL","49",2,2021-02-08,2370
52,"PDL","49",1,2021-02-15,722
52,"PDL","49",2,2021-02-15,2876
52,"PDL","49",1,2021-02-22,241
52,"PDL","49",2,2021-02-22,3366
52,"PDL","49",1,2021-03-01,243
52,"PDL","49",2,2021-03-01,2723
52,"PDL","49",1,2021-03-08,603
52,"PDL","49",2,2021-03-08,2136
28,"NOR","50",1,2021-01-18,2976
28,"NOR","50",2,2021-01-18,1
28,"NOR","50",1,2021-01-25,2928
28,"NOR","50",2,2021-01-25,152
28,"NOR","50",1,2021-02-01,2058
28,"NOR","50",2,2021-02-01,930
28,"NOR","50",1,2021-02-08,935
28,"NOR","50",2,2021-02-08,1921
28,"NOR","50",1,2021-02-15,108
28,"NOR","50",2,2021-02-15,2534
28,"NOR","50",1,2021-02-22,24
28,"NOR","50",2,2021-02-22,2741
28,"NOR","50",1,2021-03-01,5
28,"NOR","50",2,2021-03-01,1698
28,"NOR","50",1,2021-03-08,18
28,"NOR","50",2,2021-03-08,953
44,"GES","51",1,2021-01-18,3257
44,"GES","51",2,2021-01-18,1
44,"GES","51",1,2021-01-25,3039
44,"GES","51",2,2021-01-25,5
44,"GES","51",1,2021-02-01,1735
44,"GES","51",2,2021-02-01,34
44,"GES","51",1,2021-02-08,824
44,"GES","51",2,2021-02-08,1652
44,"GES","51",1,2021-02-15,84
44,"GES","51",2,2021-02-15,3173
44,"GES","51",1,2021-02-22,14
44,"GES","51",2,2021-02-22,2847
44,"GES","51",1,2021-03-01,37
44,"GES","51",2,2021-03-01,1638
44,"GES","51",1,2021-03-08,4
44,"GES","51",2,2021-03-08,779
44,"GES","52",1,2021-01-18,1718
44,"GES","52",2,2021-01-18,1
44,"GES","52",1,2021-01-25,932
44,"GES","52",2,2021-01-25,33
44,"GES","52",1,2021-02-01,140
44,"GES","52",2,2021-02-01,501
44,"GES","52",1,2021-02-08,349
44,"GES","52",2,2021-02-08,523
44,"GES","52",1,2021-02-15,43
44,"GES","52",2,2021-02-15,1426
44,"GES","52",1,2021-02-22,185
44,"GES","52",2,2021-02-22,780
44,"GES","52",1,2021-03-01,146
44,"GES","52",2,2021-03-01,111
44,"GES","52",1,2021-03-08,7
44,"GES","52",2,2021-03-08,347
52,"PDL","53",1,2021-01-18,2132
52,"PDL","53",1,2021-01-25,2385
52,"PDL","53",2,2021-01-25,181
52,"PDL","53",1,2021-02-01,1112
52,"PDL","53",2,2021-02-01,556
52,"PDL","53",1,2021-02-08,337
52,"PDL","53",2,2021-02-08,902
52,"PDL","53",1,2021-02-15,26
52,"PDL","53",2,2021-02-15,1696
52,"PDL","53",1,2021-02-22,12
52,"PDL","53",2,2021-02-22,2347
52,"PDL","53",1,2021-03-01,4
52,"PDL","53",2,2021-03-01,1081
52,"PDL","53",2,2021-03-08,275
44,"GES","54",1,2021-01-18,6337
44,"GES","54",2,2021-01-18,18
44,"GES","54",1,2021-01-25,1673
44,"GES","54",2,2021-01-25,564
44,"GES","54",1,2021-02-01,397
44,"GES","54",2,2021-02-01,5305
44,"GES","54",1,2021-02-08,302
44,"GES","54",2,2021-02-08,4951
44,"GES","54",1,2021-02-15,305
44,"GES","54",2,2021-02-15,4416
44,"GES","54",1,2021-02-22,124
44,"GES","54",2,2021-02-22,1450
44,"GES","54",1,2021-03-01,20
44,"GES","54",2,2021-03-01,405
44,"GES","54",1,2021-03-08,30
44,"GES","54",2,2021-03-08,375
44,"GES","55",1,2021-01-18,1623
44,"GES","55",2,2021-01-18,1
44,"GES","55",1,2021-01-25,1704
44,"GES","55",2,2021-01-25,15
44,"GES","55",1,2021-02-01,365
44,"GES","55",2,2021-02-01,85
44,"GES","55",1,2021-02-08,133
44,"GES","55",2,2021-02-08,5
44,"GES","55",1,2021-02-15,60
44,"GES","55",2,2021-02-15,1537
44,"GES","55",1,2021-02-22,37
44,"GES","55",2,2021-02-22,1341
44,"GES","55",2,2021-03-01,270
44,"GES","55",1,2021-03-08,52
44,"GES","55",2,2021-03-08,53
53,"BRE","56",1,2021-01-18,2893
53,"BRE","56",1,2021-01-25,2769
53,"BRE","56",2,2021-01-25,140
53,"BRE","56",1,2021-02-01,2321
53,"BRE","56",2,2021-02-01,615
53,"BRE","56",1,2021-02-08,1455
53,"BRE","56",2,2021-02-08,1253
53,"BRE","56",1,2021-02-15,77
53,"BRE","56",2,2021-02-15,1862
53,"BRE","56",1,2021-02-22,111
53,"BRE","56",2,2021-02-22,2124
53,"BRE","56",1,2021-03-01,64
53,"BRE","56",2,2021-03-01,1578
53,"BRE","56",1,2021-03-08,3
53,"BRE","56",2,2021-03-08,1177
44,"GES","57",1,2021-01-18,3040
44,"GES","57",2,2021-01-18,62
44,"GES","57",1,2021-01-25,3480
44,"GES","57",2,2021-01-25,122
44,"GES","57",1,2021-02-01,2863
44,"GES","57",2,2021-02-01,526
44,"GES","57",1,2021-02-08,1638
44,"GES","57",2,2021-02-08,883
44,"GES","57",1,2021-02-15,498
44,"GES","57",2,2021-02-15,2827
44,"GES","57",1,2021-02-22,81
44,"GES","57",2,2021-02-22,3128
44,"GES","57",1,2021-03-01,161
44,"GES","57",2,2021-03-01,2538
44,"GES","57",1,2021-03-08,50
44,"GES","57",2,2021-03-08,1080
27,"BFC","58",1,2021-01-18,2604
27,"BFC","58",2,2021-01-18,1
27,"BFC","58",1,2021-01-25,2969
27,"BFC","58",2,2021-01-25,2
27,"BFC","58",1,2021-02-01,1909
27,"BFC","58",2,2021-02-01,16
27,"BFC","58",1,2021-02-08,2138
27,"BFC","58",2,2021-02-08,85
27,"BFC","58",1,2021-02-15,139
27,"BFC","58",2,2021-02-15,2736
27,"BFC","58",1,2021-02-22,26
27,"BFC","58",2,2021-02-22,2911
27,"BFC","58",1,2021-03-01,855
27,"BFC","58",2,2021-03-01,1997
27,"BFC","58",1,2021-03-08,517
27,"BFC","58",2,2021-03-08,2085
32,"HDF","59",1,2021-01-18,17663
32,"HDF","59",2,2021-01-18,207
32,"HDF","59",1,2021-01-25,7242
32,"HDF","59",2,2021-01-25,2135
32,"HDF","59",1,2021-02-01,608
32,"HDF","59",2,2021-02-01,5719
32,"HDF","59",1,2021-02-08,2688
32,"HDF","59",2,2021-02-08,8966
32,"HDF","59",1,2021-02-15,682
32,"HDF","59",2,2021-02-15,15127
32,"HDF","59",1,2021-02-22,1096
32,"HDF","59",2,2021-02-22,5802
32,"HDF","59",1,2021-03-01,3148
32,"HDF","59",2,2021-03-01,779
32,"HDF","59",1,2021-03-08,1458
32,"HDF","59",2,2021-03-08,2495
32,"HDF","60",1,2021-01-18,3515
32,"HDF","60",2,2021-01-18,3
32,"HDF","60",1,2021-01-25,2370
32,"HDF","60",2,2021-01-25,35
32,"HDF","60",1,2021-02-01,583
32,"HDF","60",2,2021-02-01,616
32,"HDF","60",1,2021-02-08,946
32,"HDF","60",2,2021-02-08,2154
32,"HDF","60",1,2021-02-15,462
32,"HDF","60",2,2021-02-15,2911
32,"HDF","60",1,2021-02-22,293
32,"HDF","60",2,2021-02-22,2222
32,"HDF","60",1,2021-03-01,1320
32,"HDF","60",2,2021-03-01,465
32,"HDF","60",1,2021-03-08,466
32,"HDF","60",2,2021-03-08,570
28,"NOR","61",1,2021-01-18,2977
28,"NOR","61",2,2021-01-18,4
28,"NOR","61",1,2021-01-25,2670
28,"NOR","61",2,2021-01-25,89
28,"NOR","61",1,2021-02-01,2150
28,"NOR","61",2,2021-02-01,310
28,"NOR","61",1,2021-02-08,836
28,"NOR","61",2,2021-02-08,1500
28,"NOR","61",1,2021-02-15,26
28,"NOR","61",2,2021-02-15,2690
28,"NOR","61",1,2021-02-22,5
28,"NOR","61",2,2021-02-22,2531
28,"NOR","61",1,2021-03-01,2
28,"NOR","61",2,2021-03-01,1952
28,"NOR","61",1,2021-03-08,3
28,"NOR","61",2,2021-03-08,794
32,"HDF","62",1,2021-01-18,6529
32,"HDF","62",2,2021-01-18,4
32,"HDF","62",1,2021-01-25,2977
32,"HDF","62",2,2021-01-25,93
32,"HDF","62",1,2021-02-01,164
32,"HDF","62",2,2021-02-01,1915
32,"HDF","62",1,2021-02-08,2647
32,"HDF","62",2,2021-02-08,3361
32,"HDF","62",1,2021-02-15,634
32,"HDF","62",2,2021-02-15,5689
32,"HDF","62",1,2021-02-22,696
32,"HDF","62",2,2021-02-22,2792
32,"HDF","62",1,2021-03-01,1146
32,"HDF","62",2,2021-03-01,644
32,"HDF","62",1,2021-03-08,1036
32,"HDF","62",2,2021-03-08,2721
84,"ARA","63",1,2021-01-18,3124
84,"ARA","63",1,2021-01-25,3497
84,"ARA","63",2,2021-01-25,299
84,"ARA","63",1,2021-02-01,3018
84,"ARA","63",2,2021-02-01,952
84,"ARA","63",1,2021-02-08,3237
84,"ARA","63",2,2021-02-08,1018
84,"ARA","63",1,2021-02-15,974
84,"ARA","63",2,2021-02-15,2623
84,"ARA","63",1,2021-02-22,480
84,"ARA","63",2,2021-02-22,3131
84,"ARA","63",1,2021-03-01,316
84,"ARA","63",2,2021-03-01,2648
84,"ARA","63",1,2021-03-08,383
84,"ARA","63",2,2021-03-08,2920
75,"NAQ","64",1,2021-01-18,4023
75,"NAQ","64",2,2021-01-18,2
75,"NAQ","64",1,2021-01-25,4093
75,"NAQ","64",2,2021-01-25,417
75,"NAQ","64",1,2021-02-01,3732
75,"NAQ","64",2,2021-02-01,771
75,"NAQ","64",1,2021-02-08,3061
75,"NAQ","64",2,2021-02-08,1368
75,"NAQ","64",1,2021-02-15,263
75,"NAQ","64",2,2021-02-15,4079
75,"NAQ","64",1,2021-02-22,75
75,"NAQ","64",2,2021-02-22,3941
75,"NAQ","64",1,2021-03-01,91
75,"NAQ","64",2,2021-03-01,3708
75,"NAQ","64",1,2021-03-08,87
75,"NAQ","64",2,2021-03-08,2920
76,"OCC","65",1,2021-01-18,219
76,"OCC","65",2,2021-01-18,1
76,"OCC","65",1,2021-01-25,840
76,"OCC","65",2,2021-01-25,43
76,"OCC","65",1,2021-02-01,665
76,"OCC","65",2,2021-02-01,364
76,"OCC","65",1,2021-02-08,902
76,"OCC","65",2,2021-02-08,468
76,"OCC","65",1,2021-02-15,495
76,"OCC","65",2,2021-02-15,1460
76,"OCC","65",1,2021-02-22,328
76,"OCC","65",2,2021-02-22,1927
76,"OCC","65",1,2021-03-01,235
76,"OCC","65",2,2021-03-01,1014
76,"OCC","65",1,2021-03-08,170
76,"OCC","65",2,2021-03-08,803
76,"OCC","66",1,2021-01-18,3453
76,"OCC","66",2,2021-01-18,31
76,"OCC","66",1,2021-01-25,3955
76,"OCC","66",2,2021-01-25,260
76,"OCC","66",1,2021-02-01,3358
76,"OCC","66",2,2021-02-01,893
76,"OCC","66",1,2021-02-08,2313
76,"OCC","66",2,2021-02-08,1653
76,"OCC","66",1,2021-02-15,591
76,"OCC","66",2,2021-02-15,3296
76,"OCC","66",1,2021-02-22,57
76,"OCC","66",2,2021-02-22,3445
76,"OCC","66",1,2021-03-01,173
76,"OCC","66",2,2021-03-01,3206
76,"OCC","66",1,2021-03-08,85
76,"OCC","66",2,2021-03-08,2391
44,"GES","67",1,2021-01-18,4312
44,"GES","67",2,2021-01-18,12
44,"GES","67",1,2021-01-25,2174
44,"GES","67",2,2021-01-25,276
44,"GES","67",1,2021-02-01,3487
44,"GES","67",2,2021-02-01,1127
44,"GES","67",1,2021-02-08,2741
44,"GES","67",2,2021-02-08,1906
44,"GES","67",1,2021-02-15,1163
44,"GES","67",2,2021-02-15,5234
44,"GES","67",1,2021-02-22,967
44,"GES","67",2,2021-02-22,3592
44,"GES","67",1,2021-03-01,454
44,"GES","67",2,2021-03-01,3206
44,"GES","67",1,2021-03-08,725
44,"GES","67",2,2021-03-08,2469
44,"GES","68",1,2021-01-18,2470
44,"GES","68",1,2021-01-25,4230
44,"GES","68",2,2021-01-25,1
44,"GES","68",1,2021-02-01,4117
44,"GES","68",2,2021-02-01,30
44,"GES","68",1,2021-02-08,1957
44,"GES","68",2,2021-02-08,156
44,"GES","68",1,2021-02-15,10
44,"GES","68",2,2021-02-15,2660
44,"GES","68",1,2021-02-22,9
44,"GES","68",2,2021-02-22,4007
44,"GES","68",1,2021-03-01,1
44,"GES","68",2,2021-03-01,4094
44,"GES","68",2,2021-03-08,1977
84,"ARA","69",1,2021-01-18,8026
84,"ARA","69",2,2021-01-18,4
84,"ARA","69",1,2021-01-25,9743
84,"ARA","69",2,2021-01-25,55
84,"ARA","69",1,2021-02-01,3788
84,"ARA","69",2,2021-02-01,350
84,"ARA","69",1,2021-02-08,5851
84,"ARA","69",2,2021-02-08,3399
84,"ARA","69",1,2021-02-15,1616
84,"ARA","69",2,2021-02-15,9795
84,"ARA","69",1,2021-02-22,334
84,"ARA","69",2,2021-02-22,9228
84,"ARA","69",1,2021-03-01,3190
84,"ARA","69",2,2021-03-01,3760
84,"ARA","69",1,2021-03-08,788
84,"ARA","69",2,2021-03-08,4167
27,"BFC","70",1,2021-01-18,1514
27,"BFC","70",1,2021-01-25,1495
27,"BFC","70",1,2021-02-01,1404
27,"BFC","70",2,2021-02-01,68
27,"BFC","70",1,2021-02-08,86
27,"BFC","70",2,2021-02-08,1382
27,"BFC","70",1,2021-02-15,128
27,"BFC","70",2,2021-02-15,945
27,"BFC","70",1,2021-02-22,36
27,"BFC","70",2,2021-02-22,1175
27,"BFC","70",1,2021-03-01,13
27,"BFC","70",2,2021-03-01,1210
27,"BFC","70",2,2021-03-08,74
27,"BFC","71",1,2021-01-18,4588
27,"BFC","71",1,2021-01-25,4283
27,"BFC","71",2,2021-01-25,78
27,"BFC","71",1,2021-02-01,3654
27,"BFC","71",2,2021-02-01,283
27,"BFC","71",1,2021-02-08,1185
27,"BFC","71",2,2021-02-08,3154
27,"BFC","71",1,2021-02-15,799
27,"BFC","71",2,2021-02-15,3724
27,"BFC","71",1,2021-02-22,36
27,"BFC","71",2,2021-02-22,3013
27,"BFC","71",1,2021-03-01,10
27,"BFC","71",2,2021-03-01,3180
27,"BFC","71",1,2021-03-08,1
27,"BFC","71",2,2021-03-08,1676
52,"PDL","72",1,2021-01-18,1455
52,"PDL","72",2,2021-01-18,3
52,"PDL","72",1,2021-01-25,2627
52,"PDL","72",2,2021-01-25,7
52,"PDL","72",1,2021-02-01,2159
52,"PDL","72",2,2021-02-01,120
52,"PDL","72",1,2021-02-08,1497
52,"PDL","72",2,2021-02-08,690
52,"PDL","72",1,2021-02-15,89
52,"PDL","72",2,2021-02-15,1850
52,"PDL","72",1,2021-02-22,24
52,"PDL","72",2,2021-02-22,2098
52,"PDL","72",1,2021-03-01,55
52,"PDL","72",2,2021-03-01,1662
52,"PDL","72",1,2021-03-08,21
52,"PDL","72",2,2021-03-08,1379
84,"ARA","73",1,2021-01-18,2865
84,"ARA","73",1,2021-01-25,3486
84,"ARA","73",2,2021-01-25,82
84,"ARA","73",1,2021-02-01,2896
84,"ARA","73",2,2021-02-01,879
84,"ARA","73",1,2021-02-08,2178
84,"ARA","73",2,2021-02-08,1003
84,"ARA","73",1,2021-02-15,162
84,"ARA","73",2,2021-02-15,2849
84,"ARA","73",1,2021-02-22,24
84,"ARA","73",2,2021-02-22,3421
84,"ARA","73",1,2021-03-01,1
84,"ARA","73",2,2021-03-01,2865
84,"ARA","73",1,2021-03-08,1
84,"ARA","73",2,2021-03-08,2012
84,"ARA","74",1,2021-01-18,3409
84,"ARA","74",2,2021-01-18,2
84,"ARA","74",1,2021-01-25,4024
84,"ARA","74",2,2021-01-25,3
84,"ARA","74",1,2021-02-01,3126
84,"ARA","74",2,2021-02-01,257
84,"ARA","74",1,2021-02-08,2961
84,"ARA","74",2,2021-02-08,988
84,"ARA","74",1,2021-02-15,396
84,"ARA","74",2,2021-02-15,3574
84,"ARA","74",1,2021-02-22,192
84,"ARA","74",2,2021-02-22,3820
84,"ARA","74",1,2021-03-01,92
84,"ARA","74",2,2021-03-01,3093
84,"ARA","74",1,2021-03-08,85
84,"ARA","74",2,2021-03-08,2898
11,"IDF","75",1,2021-01-18,10400
11,"IDF","75",2,2021-01-18,20
11,"IDF","75",1,2021-01-25,9738
11,"IDF","75",2,2021-01-25,78
11,"IDF","75",1,2021-02-01,8930
11,"IDF","75",2,2021-02-01,317
11,"IDF","75",1,2021-02-08,6688
11,"IDF","75",2,2021-02-08,2209
11,"IDF","75",1,2021-02-15,485
11,"IDF","75",2,2021-02-15,9937
11,"IDF","75",1,2021-02-22,224
11,"IDF","75",2,2021-02-22,9213
11,"IDF","75",1,2021-03-01,96
11,"IDF","75",2,2021-03-01,8198
11,"IDF","75",1,2021-03-08,182
11,"IDF","75",2,2021-03-08,6223
28,"NOR","76",1,2021-01-18,6637
28,"NOR","76",2,2021-01-18,11
28,"NOR","76",1,2021-01-25,6024
28,"NOR","76",2,2021-01-25,1142
28,"NOR","76",1,2021-02-01,4226
28,"NOR","76",2,2021-02-01,1638
28,"NOR","76",1,2021-02-08,3473
28,"NOR","76",2,2021-02-08,2699
28,"NOR","76",1,2021-02-15,176
28,"NOR","76",2,2021-02-15,6157
28,"NOR","76",1,2021-02-22,187
28,"NOR","76",2,2021-02-22,5716
28,"NOR","76",1,2021-03-01,167
28,"NOR","76",2,2021-03-01,4195
28,"NOR","76",1,2021-03-08,11
28,"NOR","76",2,2021-03-08,3319
11,"IDF","77",1,2021-01-18,3925
11,"IDF","77",2,2021-01-18,13
11,"IDF","77",1,2021-01-25,3393
11,"IDF","77",2,2021-01-25,25
11,"IDF","77",1,2021-02-01,3117
11,"IDF","77",2,2021-02-01,2088
11,"IDF","77",1,2021-02-08,1326
11,"IDF","77",2,2021-02-08,4789
11,"IDF","77",1,2021-02-15,546
11,"IDF","77",2,2021-02-15,2901
11,"IDF","77",1,2021-02-22,156
11,"IDF","77",2,2021-02-22,3532
11,"IDF","77",1,2021-03-01,386
11,"IDF","77",2,2021-03-01,1885
11,"IDF","77",1,2021-03-08,190
11,"IDF","77",2,2021-03-08,956
11,"IDF","78",1,2021-01-18,5546
11,"IDF","78",2,2021-01-18,46
11,"IDF","78",1,2021-01-25,5323
11,"IDF","78",2,2021-01-25,58
11,"IDF","78",1,2021-02-01,4348
11,"IDF","78",2,2021-02-01,1120
11,"IDF","78",1,2021-02-08,2943
11,"IDF","78",2,2021-02-08,2749
11,"IDF","78",1,2021-02-15,119
11,"IDF","78",2,2021-02-15,6127
11,"IDF","78",1,2021-02-22,105
11,"IDF","78",2,2021-02-22,4889
11,"IDF","78",1,2021-03-01,349
11,"IDF","78",2,2021-03-01,3113
11,"IDF","78",1,2021-03-08,355
11,"IDF","78",2,2021-03-08,2306
75,"NAQ","79",1,2021-01-18,1609
75,"NAQ","79",2,2021-01-18,2
75,"NAQ","79",1,2021-01-25,1946
75,"NAQ","79",2,2021-01-25,7
75,"NAQ","79",1,2021-02-01,1325
75,"NAQ","79",2,2021-02-01,245
75,"NAQ","79",1,2021-02-08,1441
75,"NAQ","79",2,2021-02-08,649
75,"NAQ","79",1,2021-02-15,165
75,"NAQ","79",2,2021-02-15,1940
75,"NAQ","79",1,2021-02-22,25
75,"NAQ","79",2,2021-02-22,1780
75,"NAQ","79",1,2021-03-01,18
75,"NAQ","79",2,2021-03-01,1363
75,"NAQ","79",1,2021-03-08,44
75,"NAQ","79",2,2021-03-08,1161
32,"HDF","80",1,2021-01-18,3638
32,"HDF","80",2,2021-01-18,14
32,"HDF","80",1,2021-01-25,2850
32,"HDF","80",2,2021-01-25,346
32,"HDF","80",1,2021-02-01,569
32,"HDF","80",2,2021-02-01,1199
32,"HDF","80",1,2021-02-08,1726
32,"HDF","80",2,2021-02-08,1101
32,"HDF","80",1,2021-02-15,251
32,"HDF","80",2,2021-02-15,3449
32,"HDF","80",1,2021-02-22,172
32,"HDF","80",2,2021-02-22,2796
32,"HDF","80",1,2021-03-01,1694
32,"HDF","80",2,2021-03-01,584
32,"HDF","80",1,2021-03-08,305
32,"HDF","80",2,2021-03-08,1043
76,"OCC","81",1,2021-01-18,2448
76,"OCC","81",2,2021-01-18,58
76,"OCC","81",1,2021-01-25,2421
76,"OCC","81",2,2021-01-25,68
76,"OCC","81",1,2021-02-01,1973
76,"OCC","81",2,2021-02-01,107
76,"OCC","81",1,2021-02-08,1798
76,"OCC","81",2,2021-02-08,521
76,"OCC","81",1,2021-02-15,178
76,"OCC","81",2,2021-02-15,2319
76,"OCC","81",1,2021-02-22,52
76,"OCC","81",2,2021-02-22,2357
76,"OCC","81",1,2021-03-01,7
76,"OCC","81",2,2021-03-01,1994
76,"OCC","81",1,2021-03-08,23
76,"OCC","81",2,2021-03-08,1583
76,"OCC","82",1,2021-01-18,1559
76,"OCC","82",2,2021-01-18,2
76,"OCC","82",1,2021-01-25,1538
76,"OCC","82",2,2021-01-25,27
76,"OCC","82",1,2021-02-01,1497
76,"OCC","82",2,2021-02-01,322
76,"OCC","82",1,2021-02-08,510
76,"OCC","82",2,2021-02-08,1277
76,"OCC","82",1,2021-02-15,151
76,"OCC","82",2,2021-02-15,1371
76,"OCC","82",1,2021-02-22,58
76,"OCC","82",2,2021-02-22,1425
76,"OCC","82",1,2021-03-01,5
76,"OCC","82",2,2021-03-01,1135
76,"OCC","82",1,2021-03-08,4
76,"OCC","82",2,2021-03-08,320
93,"PAC","83",1,2021-01-18,5666
93,"PAC","83",2,2021-01-18,27
93,"PAC","83",1,2021-01-25,6900
93,"PAC","83",2,2021-01-25,14
93,"PAC","83",1,2021-02-01,5528
93,"PAC","83",2,2021-02-01,1265
93,"PAC","83",1,2021-02-08,4548
93,"PAC","83",2,2021-02-08,1796
93,"PAC","83",1,2021-02-15,875
93,"PAC","83",2,2021-02-15,5720
93,"PAC","83",1,2021-02-22,254
93,"PAC","83",2,2021-02-22,5685
93,"PAC","83",1,2021-03-01,117
93,"PAC","83",2,2021-03-01,4988
93,"PAC","83",1,2021-03-08,170
93,"PAC","83",2,2021-03-08,4207
93,"PAC","84",1,2021-01-18,2515
93,"PAC","84",2,2021-01-18,8
93,"PAC","84",1,2021-01-25,2917
93,"PAC","84",2,2021-01-25,5
93,"PAC","84",1,2021-02-01,2747
93,"PAC","84",2,2021-02-01,277
93,"PAC","84",1,2021-02-08,2000
93,"PAC","84",2,2021-02-08,1058
93,"PAC","84",1,2021-02-15,401
93,"PAC","84",2,2021-02-15,2411
93,"PAC","84",1,2021-02-22,199
93,"PAC","84",2,2021-02-22,3007
93,"PAC","84",1,2021-03-01,281
93,"PAC","84",2,2021-03-01,2802
93,"PAC","84",1,2021-03-08,413
93,"PAC","84",2,2021-03-08,1960
52,"PDL","85",1,2021-01-18,3224
52,"PDL","85",2,2021-01-18,2
52,"PDL","85",1,2021-01-25,1928
52,"PDL","85",2,2021-01-25,6
52,"PDL","85",1,2021-02-01,2508
52,"PDL","85",2,2021-02-01,117
52,"PDL","85",1,2021-02-08,1350
52,"PDL","85",2,2021-02-08,1271
52,"PDL","85",1,2021-02-15,422
52,"PDL","85",2,2021-02-15,2332
52,"PDL","85",1,2021-02-22,306
52,"PDL","85",2,2021-02-22,1730
52,"PDL","85",1,2021-03-01,21
52,"PDL","85",2,2021-03-01,2212
52,"PDL","85",1,2021-03-08,273
52,"PDL","85",2,2021-03-08,1104
75,"NAQ","86",1,2021-01-18,2665
75,"NAQ","86",2,2021-01-18,10
75,"NAQ","86",1,2021-01-25,2897
75,"NAQ","86",2,2021-01-25,236
75,"NAQ","86",1,2021-02-01,2156
75,"NAQ","86",2,2021-02-01,654
75,"NAQ","86",1,2021-02-08,1994
75,"NAQ","86",2,2021-02-08,1317
75,"NAQ","86",1,2021-02-15,450
75,"NAQ","86",2,2021-02-15,2497
75,"NAQ","86",1,2021-02-22,241
75,"NAQ","86",2,2021-02-22,2613
75,"NAQ","86",1,2021-03-01,184
75,"NAQ","86",2,2021-03-01,2065
75,"NAQ","86",1,2021-03-08,6
75,"NAQ","86",2,2021-03-08,1952
75,"NAQ","87",1,2021-01-18,2741
75,"NAQ","87",2,2021-01-18,2
75,"NAQ","87",1,2021-01-25,2629
75,"NAQ","87",2,2021-01-25,285
75,"NAQ","87",1,2021-02-01,1281
75,"NAQ","87",2,2021-02-01,1211
75,"NAQ","87",1,2021-02-08,461
75,"NAQ","87",2,2021-02-08,1812
75,"NAQ","87",1,2021-02-15,19
75,"NAQ","87",2,2021-02-15,1424
75,"NAQ","87",1,2021-02-22,4
75,"NAQ","87",2,2021-02-22,2101
75,"NAQ","87",1,2021-03-01,1
75,"NAQ","87",2,2021-03-01,646
75,"NAQ","87",1,2021-03-08,2
75,"NAQ","87",2,2021-03-08,333
44,"GES","88",1,2021-01-18,1856
44,"GES","88",2,2021-01-18,2
44,"GES","88",1,2021-01-25,948
44,"GES","88",2,2021-01-25,105
44,"GES","88",1,2021-02-01,1649
44,"GES","88",2,2021-02-01,1035
44,"GES","88",1,2021-02-08,1303
44,"GES","88",2,2021-02-08,874
44,"GES","88",1,2021-02-15,729
44,"GES","88",2,2021-02-15,1515
44,"GES","88",1,2021-02-22,159
44,"GES","88",2,2021-02-22,1163
44,"GES","88",1,2021-03-01,124
44,"GES","88",2,2021-03-01,1324
44,"GES","88",1,2021-03-08,26
44,"GES","88",2,2021-03-08,1221
27,"BFC","89",1,2021-01-18,1829
27,"BFC","89",2,2021-01-18,2
27,"BFC","89",1,2021-01-25,2069
27,"BFC","89",2,2021-01-25,69
27,"BFC","89",1,2021-02-01,1445
27,"BFC","89",2,2021-02-01,499
27,"BFC","89",1,2021-02-08,1214
27,"BFC","89",2,2021-02-08,628
27,"BFC","89",1,2021-02-15,215
27,"BFC","89",2,2021-02-15,1766
27,"BFC","89",1,2021-02-22,205
27,"BFC","89",2,2021-02-22,1710
27,"BFC","89",1,2021-03-01,214
27,"BFC","89",2,2021-03-01,1199
27,"BFC","89",1,2021-03-08,207
27,"BFC","89",2,2021-03-08,939
27,"BFC","90",1,2021-01-18,349
27,"BFC","90",1,2021-01-25,942
27,"BFC","90",2,2021-01-25,6
27,"BFC","90",1,2021-02-01,511
27,"BFC","90",2,2021-02-01,20
27,"BFC","90",1,2021-02-08,212
27,"BFC","90",2,2021-02-08,137
27,"BFC","90",1,2021-02-15,108
27,"BFC","90",2,2021-02-15,386
27,"BFC","90",1,2021-02-22,42
27,"BFC","90",2,2021-02-22,752
27,"BFC","90",1,2021-03-01,49
27,"BFC","90",2,2021-03-01,547
27,"BFC","90",1,2021-03-08,44
27,"BFC","90",2,2021-03-08,278
11,"IDF","91",1,2021-01-18,5205
11,"IDF","91",2,2021-01-18,12
11,"IDF","91",1,2021-01-25,4470
11,"IDF","91",2,2021-01-25,43
11,"IDF","91",1,2021-02-01,4195
11,"IDF","91",2,2021-02-01,941
11,"IDF","91",1,2021-02-08,3098
11,"IDF","91",2,2021-02-08,2250
11,"IDF","91",1,2021-02-15,415
11,"IDF","91",2,2021-02-15,4816
11,"IDF","91",1,2021-02-22,117
11,"IDF","91",2,2021-02-22,4364
11,"IDF","91",1,2021-03-01,93
11,"IDF","91",2,2021-03-01,3996
11,"IDF","91",1,2021-03-08,200
11,"IDF","91",2,2021-03-08,2968
11,"IDF","92",1,2021-01-18,4753
11,"IDF","92",2,2021-01-18,9
11,"IDF","92",1,2021-01-25,4825
11,"IDF","92",2,2021-01-25,37
11,"IDF","92",1,2021-02-01,4406
11,"IDF","92",2,2021-02-01,203
11,"IDF","92",1,2021-02-08,3357
11,"IDF","92",2,2021-02-08,1120
11,"IDF","92",1,2021-02-15,1595
11,"IDF","92",2,2021-02-15,4676
11,"IDF","92",1,2021-02-22,782
11,"IDF","92",2,2021-02-22,4717
11,"IDF","92",1,2021-03-01,746
11,"IDF","92",2,2021-03-01,3453
11,"IDF","92",1,2021-03-08,816
11,"IDF","92",2,2021-03-08,2544
11,"IDF","93",1,2021-01-18,4409
11,"IDF","93",2,2021-01-18,3
11,"IDF","93",1,2021-01-25,4502
11,"IDF","93",2,2021-01-25,64
11,"IDF","93",1,2021-02-01,4577
11,"IDF","93",2,2021-02-01,382
11,"IDF","93",1,2021-02-08,3089
11,"IDF","93",2,2021-02-08,744
11,"IDF","93",1,2021-02-15,457
11,"IDF","93",2,2021-02-15,3958
11,"IDF","93",1,2021-02-22,230
11,"IDF","93",2,2021-02-22,3892
11,"IDF","93",1,2021-03-01,182
11,"IDF","93",2,2021-03-01,3369
11,"IDF","93",1,2021-03-08,96
11,"IDF","93",2,2021-03-08,2504
11,"IDF","94",1,2021-01-18,3215
11,"IDF","94",2,2021-01-18,7
11,"IDF","94",1,2021-01-25,3672
11,"IDF","94",2,2021-01-25,48
11,"IDF","94",1,2021-02-01,3336
11,"IDF","94",2,2021-02-01,356
11,"IDF","94",1,2021-02-08,2812
11,"IDF","94",2,2021-02-08,1294
11,"IDF","94",1,2021-02-15,575
11,"IDF","94",2,2021-02-15,3677
11,"IDF","94",1,2021-02-22,222
11,"IDF","94",2,2021-02-22,3652
11,"IDF","94",1,2021-03-01,385
11,"IDF","94",2,2021-03-01,2866
11,"IDF","94",1,2021-03-08,409
11,"IDF","94",2,2021-03-08,2269
11,"IDF","95",1,2021-01-18,4712
11,"IDF","95",2,2021-01-18,17
11,"IDF","95",1,2021-01-25,4385
11,"IDF","95",2,2021-01-25,300
11,"IDF","95",1,2021-02-01,3639
11,"IDF","95",2,2021-02-01,1555
11,"IDF","95",1,2021-02-08,2450
11,"IDF","95",2,2021-02-08,1848
11,"IDF","95",1,2021-02-15,262
11,"IDF","95",2,2021-02-15,4207
11,"IDF","95",1,2021-02-22,22
11,"IDF","95",2,2021-02-22,4281
11,"IDF","95",1,2021-03-01,71
11,"IDF","95",2,2021-03-01,2544
11,"IDF","95",1,2021-03-08,27
11,"IDF","95",2,2021-03-08,1599
01,"GDP","971",1,2021-01-18,17
01,"GDP","971",1,2021-01-25,292
01,"GDP","971",2,2021-01-25,24
01,"GDP","971",1,2021-02-01,671
01,"GDP","971",2,2021-02-01,41
01,"GDP","971",1,2021-02-08,340
01,"GDP","971",2,2021-02-08,64
01,"GDP","971",1,2021-02-15,27
01,"GDP","971",2,2021-02-15,115
01,"GDP","971",1,2021-02-22,23
01,"GDP","971",2,2021-02-22,427
01,"GDP","971",1,2021-03-01,12
01,"GDP","971",2,2021-03-01,534
01,"GDP","971",1,2021-03-08,2
01,"GDP","971",2,2021-03-08,270
02,"MAR","972",1,2021-01-18,682
02,"MAR","972",2,2021-01-18,5
02,"MAR","972",1,2021-01-25,739
02,"MAR","972",2,2021-01-25,79
02,"MAR","972",1,2021-02-01,482
02,"MAR","972",2,2021-02-01,248
02,"MAR","972",1,2021-02-08,162
02,"MAR","972",2,2021-02-08,389
02,"MAR","972",1,2021-02-15,58
02,"MAR","972",2,2021-02-15,326
02,"MAR","972",1,2021-02-22,60
02,"MAR","972",2,2021-02-22,733
02,"MAR","972",1,2021-03-01,91
02,"MAR","972",2,2021-03-01,307
02,"MAR","972",1,2021-03-08,2
02,"MAR","972",2,2021-03-08,44
03,"GUY","973",1,2021-01-18,391
03,"GUY","973",2,2021-01-18,3
03,"GUY","973",1,2021-01-25,393
03,"GUY","973",2,2021-01-25,3
03,"GUY","973",1,2021-02-01,278
03,"GUY","973",2,2021-02-01,33
03,"GUY","973",1,2021-02-08,30
03,"GUY","973",2,2021-02-08,191
03,"GUY","973",1,2021-02-15,9
03,"GUY","973",2,2021-02-15,411
03,"GUY","973",1,2021-02-22,6
03,"GUY","973",2,2021-02-22,308
03,"GUY","973",1,2021-03-01,1
03,"GUY","973",2,2021-03-01,115
03,"GUY","973",2,2021-03-08,7
04,"REU","974",1,2021-01-18,295
04,"REU","974",2,2021-01-18,2
04,"REU","974",1,2021-01-25,1749
04,"REU","974",2,2021-01-25,2
04,"REU","974",1,2021-02-01,1724
04,"REU","974",2,2021-02-01,11
04,"REU","974",1,2021-02-08,337
04,"REU","974",2,2021-02-08,29
04,"REU","974",1,2021-02-15,11
04,"REU","974",2,2021-02-15,954
04,"REU","974",1,2021-02-22,8
04,"REU","974",2,2021-02-22,1479
04,"REU","974",1,2021-03-01,3
04,"REU","974",2,2021-03-01,548
04,"REU","974",1,2021-03-08,1
04,"REU","974",2,2021-03-08,4
